id,name
0,A Bathing Ape Bapesta Kanye West College Dropout
1,A Bathing Ape Bapesta Ronnie Fieg Fiegsta Sand
2,ACE 16 PureControl Ultra Boost Kith Flamingos
3,"ASICS GT-II Ronnie Fieg """"High Risk"""""""
4,"ASICS Gel-Lyte III Afew """"Koi"""""""
5,"ASICS Gel-Lyte III Hanon """"Wildcats"""""""
6,"ASICS Gel-Lyte III Ronnie Fieg """"Flamingo"""""""
7,"ASICS Gel-Lyte III Ronnie Fieg """"Homage"""" (Special Box)"""
8,"ASICS Gel-Lyte III Ronnie Fieg """"Leatherbacks"""""""
9,"ASICS Gel-Lyte III Ronnie Fieg """"Mint Leaf"""""""
10,"ASICS Gel-Lyte III Ronnie Fieg """"Salmon Toes"""""""
11,ASICS Gel-Lyte III Ronnie Fieg Militia (Special Box)
12,ASICS Gel-Lyte III Ronnie Fieg Super Green
13,"ASICS Gel-Lyte III Woei """"Cervidae"""""""
14,Air Fear Of God 1 Black
15,Air Fear Of God 1 Frosted Spruce
16,Air Fear Of God 1 Orange Pulse
17,Air Fear Of God 1 Sail Black
18,Air Fear Of God 1 Yellow
19,Air Fear Of God Moccasin Black
20,Air Fear Of God Moccasin Particle Beige
21,Air Fear Of God Moccasin Pure Platinum
22,Air Fear Of God Raid Black
23,Air Fear of God Raid Light Bone
24,Air Flightposite 1 Black Topaz Mist
25,Air Foamposite One Albino Snakeskin
26,Air Foamposite One All-Star 2019 (GS)
27,Air Foamposite One Habanero Red
28,Air Foamposite One Iridescent (W)
29,Air Foamposite One Marble (W)
30,Air Foamposite One Navy Gum
31,Air Foamposite One Obsidian Glitter (W)
32,Air Foamposite One ParaNorman
33,Air Foamposite One Supreme Black
34,Air Foamposite One Supreme Red
35,Air Foamposite One USA (W)
36,Air Foamposite Pro Gym Blue (GS)
37,Air Foamposite Pro Sequoia
38,Air Force 1 Flyknit 2 White Pure Platinum
39,Air Force 1 Flyleather Steve Harrington Earth Day (2019)
40,Air Force 1 Foamposite Cup University Red
41,Air Force 1 High Emotionally Unavailable
42,Air Force 1 High Flax (2018)
43,Air Force 1 LX Vandalised White (W)
44,Air Force 1 Low 3x1 Denim Raw Indigo
45,Air Force 1 Low A Cold Wall Black
46,Air Force 1 Low Carhartt WIP Ale Brown
47,Air Force 1 Low De Lo Mio
48,Air Force 1 Low Devin Booker
49,Air Force 1 Low Equality
50,Air Force 1 Low Noise Cancelling Pack Odell Beckham Jr
51,Air Force 1 Low Off-White Black White
52,Air Force 1 Low Off-White MCA University Blue
53,Air Force 1 Low Off-White Volt
54,Air Force 1 Low Retro Ivory Snake
55,Air Force 1 Low Roc-A-Fella (AF100)
56,Air Force 1 Low Supreme x Comme des Garcons (2018)
57,Air Force 1 Low Travis Scott (AF100)
58,Air Force 1 Low Travis Scott Sail
59,Air Force 1 Low Utility Black White
60,Air Force 1 Low VLONE (2017)
61,Air Force 1 Low White '07
62,Air Force 1 Low White 2014 (GS)
63,Air Force 1 Low White Deep Royal
64,Air Force 1 Low White Gym Red
65,Air Force 1 Mid Supreme NBA White
66,Air Force 1 Type
67,Air Force 1 Type Black
68,Air Huarache Black Black White
69,Air Huarache Drift South Beach
70,Air Huarache White Platinum
71,Air Jordan 1 Mid Yellow Toe Black
72,Air Max 1 112 Pack
73,Air Max 1 AMS Parra Amsterdam
74,Air Max 1 Animal Pack
75,Air Max 1 Anniversary Obsidian
76,Air Max 1 Anniversary Red (2017)
77,Air Max 1 Anniversary Royal (2017)
78,Air Max 1 Armory Navy
79,Air Max 1 Atmos Animal Pack 2.0 (2018 All Black Box)
80,Air Max 1 Atmos Elephant (2017)
81,Air Max 1 Have a Nike Day
82,Air Max 1 Inside Out Club Gold Black
83,Air Max 1 Inside Out Phantom Black
84,Air Max 1 Just Do It Orange (W)
85,Air Max 1 Just Do It White (W)
86,Air Max 1 Kid Robot (2005)
87,Air Max 1 Master
88,"Air Max 1 NL SP Clot """"Kiss of Death"""" (2006)"""
89,Air Max 1 Parra (2018)
90,"Air Max 1 Parra Patta """"Cherrywood"""""""
91,Air Max 1 Patta 5th Anniv Green
92,Air Max 1 Pro Purple Fade
93,Air Max 1 Puerto Rico (2019)
94,Air Max 1 Susan Missing Link
95,Air Max 1 Swipa
96,Air Max 1 Tinker Schematic
97,Air Max 1 Tinker Schematic Black
98,Air Max 1 Tinker Sketch to Shelf
99,Air Max 1 Tokyo Maze
100,Air Max 1 White Black Volt Rush Pink
101,Air Max 1 White Photo Blue Black
102,Air Max 1 White Pure Platinum
103,Air Max 1 Windbreaker
104,Air Max 1:97 Sean Wotherspoon
105,Air Max 2 Light Atmos
106,Air Max 270 Black White
107,Air Max 270 React Bauhaus
108,Air Max 270 React Hyper Jade
109,Air Max 270 Throwback Future
110,Air Max 270 Triple Black
111,Air Max 270 White Black
112,Air Max 720 Be True (2019)
113,Air Max 720 Black Mesh
114,Air Max 720 Black Neon Streaks
115,Air Max 720 OBJ Odell Beckham Jr Desert Ore
116,Air Max 720 OBJ Odell Beckham Jr Young King of The Drip
117,Air Max 720 Saturn White Black Red
118,Air Max 720 Sunrise
119,Air Max 90
120,Air Max 90 Be True (2019)
121,Air Max 90 Green Python
122,Air Max 90 Mars Landing
123,Air Max 90 OFF-WHITE
124,Air Max 90 OFF-WHITE Black
125,Air Max 90 OFF-WHITE Desert Ore
126,Air Max 90 OG Infrared (2015)
127,"Air Max 90 Patta """"Homegrown Grass"""""""
128,Air Max 90 Python
129,Air Max 90 Triple Black (2018)
130,Air Max 90 Triple Red
131,Air Max 90 Triple White
132,Air Max 90 Viotech
133,Air Max 95 Atmos Animal Pack 2.0 (2018 All Black Box)
134,Air Max 95 ERDL Party Black
135,Air Max 95 ERDL Party White
136,Air Max 95 OG Neutral Olive Total Orange
137,Air Max 95 Stash
138,Air Max 97 Black White
139,Air Max 97 Bright Citron
140,Air Max 97 Country Camo (France)
141,Air Max 97 Country Camo (Germany)
142,Air Max 97 Country Camo (Italy)
143,Air Max 97 Country Camo (UK)
144,Air Max 97 Country Camo (USA)
145,Air Max 97 Cristiano Ronaldo Portugal Patchwork
146,Air Max 97 Game Royal Metallic Silver University Red
147,Air Max 97 Have a Nike Day
148,Air Max 97 Metallic Gold
149,Air Max 97 Moon Particle Bright Crimson
150,Air Max 97 Neon Seoul
151,Air Max 97 Off-White
152,Air Max 97 Pale Pink (W)
153,Air Max 97 Shanghai Kaleidoscope
154,Air Max 97 Shipping Box Ale Brown
155,Air Max 97 Silver Black
156,Air Max 97 Silver Bullet (2016
157,Air Max 97 Triple Black
158,Air Max 97 Triple White Wolf Grey
159,Air Max 97 UNDFTD Black
160,Air Max 97 Ultra 17 Skepta
161,Air Max 97 White Black Persian Violet (GS)
162,Air Max 97 White Pure Platinum (W)
163,Air Max 97 White Reflect Silver
164,Air Max 98 La Mezcla
165,Air Max 98 Supreme Black
166,Air Max Lunar90 SP Moon Landing
167,Air Max Plus OG Hyper Blue (2018)
168,Air Max Plus OG Voltage Purple
169,Air Max Tailwind 4 Supreme White
170,Air Max Tailwind 4 White Volt Black
171,Air More Uptempo 96 Camo
172,Air More Uptempo Peanut Butter & Jelly (GS)
173,"Air More Uptempo Supreme """"Suptempo"""" Black"""
174,"Air More Uptempo Supreme """"Suptempo"""" Gold"""
175,"Air More Uptempo Supreme """"Suptempo"""" Red"""
176,Air More Uptempo University Red Black White (GS)
177,Air More Uptempo What The 90s (GS)
178,Air More Uptempo White Midnight Navy (GS)
179,Air Presto Acronym Bamboo
180,Air Presto Acronym Olive
181,Air Presto Acronym Volt
182,Air Presto Mid Acronym Cool Grey
183,Air Presto Mid Acronym Racer Pink
184,Air Presto Off-White
185,Air Presto Off-White Black (2018)
186,Air Presto Off-White White (2018)
187,Air Skylon 2 Fear of God Black Sail
188,Air Skylon 2 Fear of God Light Bone
189,Air Skylon 2 Fear of God White
190,Air Tailwind 79 Stranger Things Sail Upside Down Pack
191,Air Tech Challenge II Wimbledon (2013)
192,Air Trainer 3 Medicine Ball (2019)
193,Air VaporMax 2 Black Dark Grey
194,Air VaporMax 2 Rust Pink (W)
195,Air VaporMax 2 Safari
196,Air VaporMax 2019 Cactus Plant Flea Market (W)
197,Air VaporMax 2019 Triple Black
198,Air VaporMax 2019 White University Gold Wolf Grey
199,Air VaporMax 97 Metallic Gold
200,Air VaporMax Clot Bright Crimson
201,Air VaporMax Flyknit 2 Orca
202,Air VaporMax Flyknit 3 Blue Fury
203,Air VaporMax Flyknit 3 Oreo
204,Air VaporMax Flyknit 3.0 Triple Black
205,Air VaporMax Off-White
206,Air VaporMax Off-White Black
207,Air VaporMax Oreo
208,Air VaporMax Plus Paris Works in Progress
209,Air VaporMax Plus Triple Black
210,Air VaporMax Plus White
211,Air VaporMax Run Utility Black Anthracite
212,Air VaporMax Run Utility Blue Dusk
213,Air VaporMax Run Utility Medium Olive
214,Air Vapormax Off White 2018
215,Air Yeezy 1 Blink
216,Air Yeezy 1 Zen Grey
217,Air Yeezy 2 Pure Platinum
218,Air Yeezy 2 Red October
219,Air Yeezy 2 Solar Red
220,Air Zoom Generation Black White Retro
221,Air Zoom Generation SVSM Retro
222,Air Zoom Generation Wheat (All-Star)
223,Asics Gel-Kayano 5 Ronnie Fieg Oasis
224,Balenciaga Speed Trainer Black White (2018)
225,"Balenciaga Track sneakers"""
226,"Balenciaga Triple S"""
227,"Carol Christian Poell Drip Sneakers"""
228,Converse Chuck Taylor All-Star 70s Hi Chinatown Market UV
229,Converse Chuck Taylor All-Star 70s Hi Comme des Garcons PLAY Black
230,Converse Chuck Taylor All-Star 70s Hi Comme des Garcons PLAY White
231,Converse Chuck Taylor All-Star 70s Hi Comme des Garcons Play Multi-Heart White
232,Converse Chuck Taylor All-Star 70s Hi Fear of God Black
233,Converse Chuck Taylor All-Star 70s Hi Kith Coca-Cola Denim (2019)
234,Converse Chuck Taylor All-Star 70s Hi Off-White
235,Converse Chuck Taylor All-Star 70s Ox Chinatown Market UV
236,Converse Chuck Taylor All-Star 70s Ox Comme des Garcons PLAY Black
237,Converse Chuck Taylor All-Star 70s Ox Comme des Garcons PLAY White
238,Converse Chuck Taylor All-Star 70s Ox Comme des Garcons Play Multi-Heart White
239,Converse Chuck Taylor All-Star Vulcanized Hi  Off-White
240,Converse Run Star Hike Hi JW Anderson Glitter
241,Diadora Intrepid Kith From Seoul To Rio
242,"Diadora N9000 LimitEDition """"Castellers"""""""
243,"Diadora N9000 Packer Shoes x Raekwon """"Purple Tape"""""""
244,Dunk High Pro SB Supreme Blue Stars
245,Dunk High Pro SB Supreme Red Stars
246,Fear Of God Military Sneaker Canapa
247,Fear Of God Military Sneaker Kith Blue
248,Flyknit Trainer Multi-Color
249,Flyknit Trainer White Black (2017)
250,Jordan 1 Low Black Toe
251,Jordan 1 Low Gold Toe
252,Jordan 1 Low Lakers Top 3
253,Jordan 1 Low Royal Toe
254,Jordan 1 Low SB Midnight Navy
255,Jordan 1 Low SB UNC
256,Jordan 1 Low Sail University Gold Black
257,Jordan 1 Low Shattered Backboard
258,Jordan 1 Low White Black Mystic Green
259,Jordan 1 Low White Gum Hyper Pink
260,Jordan 1 Mid All Over Logos
261,Jordan 1 Mid Alternate Think 16
262,Jordan 1 Mid Atmosphere Grey Pale Ivory (W)
263,Jordan 1 Mid Black Cyber Mystic Green (GS)
264,Jordan 1 Mid Black Dark Concord
265,Jordan 1 Mid Black Particle Grey Gym Red
266,Jordan 1 Mid Bred Multi-Color
267,Jordan 1 Mid Coral Gold
268,Jordan 1 Mid Crimson Tint
269,Jordan 1 Mid Gunsmoke Volt
270,Jordan 1 Mid Gym Red Black
271,Jordan 1 Mid Infrared 23
272,Jordan 1 Mid Iridescent Black (W)
273,Jordan 1 Mid Lakers Top 3
274,Jordan 1 Mid Monsoon Blue (GS)
275,Jordan 1 Mid Patent Black White Gold
276,Jordan 1 Mid Pine Green
277,Jordan 1 Mid Quai54 (2019)
278,Jordan 1 Mid Reverse Black Toe (W)
279,Jordan 1 Mid SE Lakers
280,Jordan 1 Mid Team Orange Black
281,Jordan 1 Mid Top 3
282,Jordan 1 Mid Triple Black (2018)
283,Jordan 1 Mid Triple White (2018)
284,Jordan 1 Mid Triple White (2019)
285,Jordan 1 Mid White Black
286,Jordan 1 Mid White Black Gym Red
287,Jordan 1 Mid White Black Teal Tint (GS)
288,Jordan 1 Mid White Metallic Gold Obsidian
289,Jordan 1 Mid White Rose Gold (GS)
290,Jordan 1 Mid White Topaz Mist (GS)
291,Jordan 1 OG Chicago (1985)
292,Jordan 1 Retro Black Metallic Gold (2013)
293,Jordan 1 Retro Black Royal Blue (2001)
294,Jordan 1 Retro Black Toe (2016)
295,"Jordan 1 Retro Bred """"Banned"""" (2016)"""
296,Jordan 1 Retro Fragment
297,"Jordan 1 Retro High """"Not for Resale"""" Varsity Maize"""
298,"Jordan 1 Retro High """"Not for Resale"""" Varsity Red"""
299,Jordan 1 Retro High Aleali May Court Lux (W)
300,Jordan 1 Retro High Bio Beige Anthracite Mystic Green (W)
301,Jordan 1 Retro High Black Crimson Tint
302,Jordan 1 Retro High Black Gym Red
303,Jordan 1 Retro High Blue Moon
304,Jordan 1 Retro High Bred Toe
305,Jordan 1 Retro High Camo 3M Bred
306,Jordan 1 Retro High Camo 3M Shadow
307,Jordan 1 Retro High City of Flight
308,Jordan 1 Retro High Clay Green
309,Jordan 1 Retro High Court Purple
310,Jordan 1 Retro High Defiant White Black Gym Red
311,Jordan 1 Retro High Game Royal
312,Jordan 1 Retro High Gatorade Blue Lagoon
313,Jordan 1 Retro High Gatorade Cyber
314,Jordan 1 Retro High Gatorade Orange Peel
315,Jordan 1 Retro High Gold Top 3
316,Jordan 1 Retro High Guava Ice
317,Jordan 1 Retro High Homage To Home (Non-numbered)
318,Jordan 1 Retro High Hyper Royal
319,Jordan 1 Retro High NRG Patent Gold Toe
320,Jordan 1 Retro High Neutral Grey Hyper Crimson
321,Jordan 1 Retro High Nigel Sylvester
322,Jordan 1 Retro High OG Defiant Couture
323,Jordan 1 Retro High OG Defiant SB LA to Chicago
324,Jordan 1 Retro High OG Defiant SB NYC to Paris
325,Jordan 1 Retro High OG Spike Lee Fort Greene
326,Jordan 1 Retro High Off-White Chicago
327,Jordan 1 Retro High Off-White University Blue
328,Jordan 1 Retro High Off-White White
329,Jordan 1 Retro High Pale Ivory (W)
330,Jordan 1 Retro High Paris Saint Germain
331,Jordan 1 Retro High Phantom Gym Red
332,Jordan 1 Retro High Pine Green
333,Jordan 1 Retro High Rookie of the Year
334,Jordan 1 Retro High Satin Black Toe (W)
335,Jordan 1 Retro High Satin Shattered Backboard (W)
336,Jordan 1 Retro High Season of Her Mint Foam (W)
337,Jordan 1 Retro High Shadow (2018)
338,Jordan 1 Retro High Spider-Man Origin Story
339,Jordan 1 Retro High Sports Illustrated (A Star Is Born)
340,Jordan 1 Retro High Track Red
341,Jordan 1 Retro High Travis Scott
342,Jordan 1 Retro High Turbo Green
343,Jordan 1 Retro High Twist (W)
344,Jordan 1 Retro High UNC Leather
345,Jordan 1 Retro High UNC Patent (W)
346,Jordan 1 Retro High Union Los Angeles Black Toe
347,Jordan 1 Retro High Union Los Angeles Blue Toe
348,Jordan 1 Retro High Wheat
349,Jordan 1 Retro High Yellow Ochre
350,Jordan 1 Retro Low OG SP Travis Scott
351,Jordan 1 Retro Low Slip Chicago (W)
352,Jordan 1 Retro Reverse Shattered Backboard
353,Jordan 1 Retro Royal (2017)
354,"Jordan 1 Retro Satin """"Banned"""""""
355,"Jordan 1 Retro Satin """"Royal"""""""
356,Jordan 1 Retro Shattered Backboard
357,Jordan 1 Retro Top 3
358,Jordan 10 OG Sacramento Kings
359,Jordan 10 Retro Doernbecher
360,Jordan 10 Retro Drake OVO Black
361,Jordan 10 Retro Drake OVO White
362,Jordan 10 Retro Orlando
363,Jordan 10 Retro Shadow (2018)
364,Jordan 11 Retro 72-10
365,Jordan 11 Retro Cap and Gown
366,Jordan 11 Retro Concord (2011)
367,Jordan 11 Retro Concord (2018)
368,Jordan 11 Retro Concord DMP (2006)
369,Jordan 11 Retro Cool Grey (2010)
370,Jordan 11 Retro Gamma Blue
371,Jordan 11 Retro Heiress Black Stingray (GS)
372,Jordan 11 Retro Legend Blue (2014)
373,Jordan 11 Retro Low Cherry (2016)
374,Jordan 11 Retro Low Closing Ceremony
375,Jordan 11 Retro Low Concord
376,Jordan 11 Retro Low Cool Grey
377,Jordan 11 Retro Low Derek Jeter RE2PECT
378,Jordan 11 Retro Low Golf Concord
379,Jordan 11 Retro Low Golf White Metallic Gold
380,Jordan 11 Retro Low IE Space Jam
381,Jordan 11 Retro Low Infrared
382,Jordan 11 Retro Low Iridescent
383,Jordan 11 Retro Low Pink Snakeskin (W) (2019)
384,Jordan 11 Retro Low Rose Gold (W)
385,Jordan 11 Retro Low Snake Light Bone
386,Jordan 11 Retro Low Snake Navy (2019)
387,Jordan 11 Retro Low University Blue (2017)
388,Jordan 11 Retro Neutral Olive (W)
389,Jordan 11 Retro Platinum Tint
390,Jordan 11 Retro Playoffs (2012)
391,Jordan 11 Retro UNC Win Like 82
392,Jordan 11 Retro Win Like 96
393,Jordan 12 Retro Black Metallic Gold White (W)
394,Jordan 12 Retro Bordeaux
395,Jordan 12 Retro Chinese New Year (2019)
396,Jordan 12 Retro Deep Royal Blue
397,Jordan 12 Retro Fiba (2019)
398,Jordan 12 Retro Flu Game (2016)
399,Jordan 12 Retro French Blue (2016)
400,Jordan 12 Retro Gym Red
401,Jordan 12 Retro International Flight
402,Jordan 12 Retro Michigan
403,Jordan 12 Retro OVO Black
404,Jordan 12 Retro OVO White
405,Jordan 12 Retro PSNY
406,Jordan 12 Retro PSNY Bordeaux
407,Jordan 12 Retro PSNY Olive
408,Jordan 12 Retro PSNY Wheat
409,Jordan 12 Retro Winter Black
410,Jordan 13 OG Flint (1997)
411,Jordan 13 Retro Altitude (2017)
412,Jordan 13 Retro Atmosphere Grey
413,Jordan 13 Retro Bred (2017)
414,Jordan 13 Retro Cap and Gown
415,Jordan 13 Retro Carmelo Anthony Class Of 2002 (B-Grade)
416,Jordan 13 Retro He Got Game (2018)
417,Jordan 13 Retro Lakers
418,Jordan 13 Retro Low Clot Sepia Stone
419,Jordan 13 Retro OG Chicago (2017)
420,Jordan 13 Retro Phantom (W)
421,Jordan 13 Retro Premio Bin 23
422,Jordan 13 Retro Ray Allen PE
423,Jordan 13 Retro White Hyper Royal Black
424,Jordan 14 Retro Ferrari University Gold
425,Jordan 14 Retro Rip Hamilton
426,Jordan 14 Retro Supreme Black
427,Jordan 14 Retro Supreme White
428,Jordan 2 Retro Doernbecher Peacock
429,Jordan 2 Retro Eminem (The Way I Am)
430,Jordan 2 Retro Just Don Beach
431,Jordan 2 Retro Just Don Blue
432,Jordan 23 Finale
433,Jordan 23 Titanium
434,Jordan 3 Retro Black Cement
435,Jordan 3 Retro Chlorophyll
436,Jordan 3 Retro Doernbecher (2013)
437,Jordan 3 Retro Hall of Fame
438,Jordan 3 Retro International Flight
439,Jordan 3 Retro JTH Bio Beige
440,Jordan 3 Retro Mocha (2018)
441,Jordan 3 Retro Oregon Ducks Pit Crew Black
442,Jordan 3 Retro Pure White (2018)
443,Jordan 3 Retro Quai54 (2018)
444,Jordan 3 Retro Sport Blue
445,Jordan 3 Retro Tinker Black Cement Gold
446,Jordan 3 Retro Tinker Hatfield
447,Jordan 3 Retro Tinker White University Red
448,Jordan 3 Retro True Blue (2016)
449,Jordan 3 Retro White Cement ('88 Dunk Contest 2013)
450,Jordan 4 Retro 30th Anniversary Laser
451,Jordan 4 Retro Black Cement (2012)
452,Jordan 4 Retro Black Laser
453,Jordan 4 Retro Bred (2019)
454,Jordan 4 Retro Columbia (2015)
455,Jordan 4 Retro Cool Grey (2004)
456,Jordan 4 Retro Cool Grey (2019)
457,Jordan 4 Retro Doernbecher
458,Jordan 4 Retro Eminem Carhartt
459,Jordan 4 Retro Flight Nostalgia
460,Jordan 4 Retro Flyknit Red
461,Jordan 4 Retro Hot Punch (W)
462,Jordan 4 Retro Kaws
463,Jordan 4 Retro Kaws Black
464,Jordan 4 Retro Laser Black Gum
465,Jordan 4 Retro Levi's Black (Levi's Tag)
466,Jordan 4 Retro Levi's White (Levi's Tag)
467,Jordan 4 Retro Motorsports (2017)
468,Jordan 4 Retro Oregon Ducks
469,Jordan 4 Retro Pure Money (2017)
470,Jordan 4 Retro Raptors (2018)
471,Jordan 4 Retro Royalty
472,Jordan 4 Retro Silt Red Splatter (W)
473,Jordan 4 Retro Tattoo (2018)
474,Jordan 4 Retro Travis Scott Cactus Jack
475,Jordan 4 Retro White Cement (2016)
476,Jordan 4 Retro White Laser
477,Jordan 5 Retro Black Metallic (2016)
478,Jordan 5 Retro Doernbecher
479,Jordan 5 Retro Fire Red Black Tongue (2013)
480,Jordan 5 Retro Grape (2013)
481,Jordan 5 Retro Grape Fresh Prince
482,Jordan 5 Retro JSP Laney Varsity Royal
483,Jordan 5 Retro Michigan (2019)
484,Jordan 5 Retro Paris Saint-Germain
485,Jordan 5 Retro Red Suede
486,Jordan 5 Retro Satin Bred
487,Jordan 5 Retro Trophy Room Ice Blue
488,Jordan 6 Retro Aleali May (W)
489,Jordan 6 Retro Black Cat
490,Jordan 6 Retro Black Infrared (2019)
491,Jordan 6 Retro Carmine (2014)
492,Jordan 6 Retro Flight Nostalgia
493,Jordan 6 Retro Gatorade Green
494,Jordan 6 Retro Gatorade Like Mike White
495,Jordan 6 Retro Infrared Black (2014)
496,Jordan 6 Retro Maroon (2015)
497,Jordan 6 Retro Olympic London (2012)
498,Jordan 6 Retro PSG Paris Saint-Germain
499,Jordan 6 Retro Reflections of a Champion
500,Jordan 6 Retro Social Status
501,Jordan 6 Retro Tinker
502,Jordan 6 Retro UNC
503,Jordan 6 Retro White Laser Fuchsia Green Abyss (GS)
504,Jordan 6 Rings Black Varsity Red
505,Jordan 7 Retro Bordeaux (2015)
506,Jordan 7 Retro Hare (2015)
507,Jordan 7 Retro Miro
508,Jordan 7 Retro Patta Shimmer
509,Jordan 7 Retro Premio Bin 23
510,Jordan 7 Retro Ray Allen Bucks
511,Jordan 7 Retro Reflections of a Champion
512,Jordan 7 Retro Topaz Mist (GS)
513,Jordan 8 Retro Aqua (2015)
514,Jordan 8 Retro Doernbecher
515,Jordan 8 Retro OVO Black
516,Jordan 8 Retro Quai54 (2019)
517,Jordan 8 Retro Reflections of a Champion
518,Jordan 8 Retro Tinker Air Raid
519,Jordan 8 Retro White Aqua (W) (2007)
520,Jordan 9 Retro Dream It Do It
521,Jordan 9 Retro Pearl Blue
522,Jordan Future Bred Jumpman
523,Jordan Legacy 312 Olympic (GS)
524,Jordan Legacy 312 Rookie of the Year
525,Jordan Legacy 312 White Black Pink Foam (GS)
526,Jordan Spizike Black Gym Red
527,Jordan XX9 Hare
528,Jordan XXXIII Travis Scott
529,KD 12 EYBL
530,KD 4 Nerf
531,KD 4 Weatherman
532,Kobe 1 Protro 81 Pt Game
533,Kobe 1 Protro Purple Reign
534,Kobe 10 Elite HTM Shark Jaw
535,Kobe 4 Protro Carpe Diem
536,Kobe 6 Grinch
537,Kobe AD Red Orbit
538,Kyrie 2 Low Spongebob Mr Krabs
539,Kyrie 2 Low Spongebob Sandy Cheeks
540,Kyrie 4 Confetti
541,Kyrie 4 Lucky Charms
542,Kyrie 5 Bandulu
543,Kyrie 5 Black Rainbow Soles
544,Kyrie 5 Concepts Ikhet
545,Kyrie 5 EP Bandulu
546,Kyrie 5 Friends
547,Kyrie 5 Spongebob
548,Kyrie 5 Spongebob Patrick
549,Kyrie 5 Spongebob Squidward
550,Kyrie 5 Taco PE
551,LeBron 15 Lifestyle KITH Concrete
552,LeBron 15 Lifestyle KITH Stained Glass
553,LeBron 15 Performance KITH Rose Gold
554,LeBron 16 Air Trainer Medicine Ball
555,LeBron 16 Black Hot Lava
556,LeBron 16 Buzz Lightyear
557,LeBron 16 Equality Home (2019)
558,LeBron 16 Glow
559,LeBron 16 Low Air Max Trainer 2
560,LeBron 16 Low Atmos Safari
561,LeBron 16 Martin
562,LeBron 16 Oreo
563,LeBron 16 Watch the Throne
564,LeBron 16 White Hot Lava
565,LeBron 4 Graffiti NYC
566,LeBron 7 Christ the King (CTK)
567,LeBron 8 112 Pack (Clark Kent)
568,LeBron 8 South Beach (Pre-Heat)
569,LeBron 8 V
570,LeBron X Celebration Pack
571,Louis Vuitton Don Kanye Red
572,Louis Vuitton Jaspers Kanye Patchwork Grey
573,New Balance 1500 Hanon Chosen Few
574,New Balance 997.5 Phantaci
575,"New Balance 999 Concepts """"The Kennedy"""""""
576,Nike Adapt BB Black Pure Platinum (US Charger)
577,Nike Adapt BB Mag (US Charger)
578,Nike Air Force 1 '07 Black
579,Nike Blazer High sacai Snow Beach
580,Nike Blazer High sacai White Black Legend Blue
581,Nike Blazer Mid 77 Lucid Green
582,Nike Blazer Mid 77 Vintage Multi-Color
583,Nike Blazer Mid 77 Vintage Optic Yellow
584,Nike Blazer Mid 77 Vintage Sail White
585,Nike Blazer Mid 77 Vintage White Black
586,Nike Blazer Mid Off-White All Hallow's Eve
587,Nike Blazer Mid Off-White Grim Reaper
588,Nike Blazer Mid Patchwork
589,Nike Blazer Mid Stranger Things Hawkins High School
590,Nike Blazer Mid Stranger Things Independence Day Pack
591,Nike Classic Cortez Stranger Things Hawkins High School
592,Nike Classic Cortez Stranger Things Independence Day Pack
593,Nike Cortez Los Angeles Blue
594,Nike Daybreak Undercover Black
595,Nike Daybreak Undercover Black Sail (W)
596,Nike Daybreak Undercover Blue Jay
597,Nike Daybreak Undercover Bright Citron
598,Nike Daybreak Undercover Lucky Green Red (W)
599,Nike Daybreak Undercover Obsidian (W)
600,Nike Daybreak Undercover University Red (W)
601,Nike Daybreak Vegas Gold College Orange
602,"Nike Dunk SB High Diamond Supply Co. """"Tiffany"""""""
603,Nike Dunk SB Low Blue Lobster
604,Nike Dunk SB Low De La Soul (2015)
605,"Nike Dunk SB Low Diamond Supply Co. """"Tiffany"""""""
606,Nike Dunk SB Low Paris
607,Nike Dunk SB Low Staple NYC Pigeon
608,Nike Dunk SB Low Stussy Cherry
609,Nike Dunk SB Low Supreme  Black Cement (2002)
610,Nike Dunk SB Low Supreme  Red Cement (2012)
611,Nike Dunk SB Low Supreme  White Cement (2002)
612,Nike Dunk SB Low What the Dunk
613,Nike Dunk SB Low Yellow Lobster
614,Nike Flyknit Lunar1+ Supreme Black
615,Nike HyperAdapt 1.0 Black (1st Release Pair Special Box)
616,Nike Hyperdunk 08 United We Rise (2016)
617,Nike Hyperdunk Marty McFly 2015
618,Nike Hyperdunk X TB Midnight Navy
619,Nike ISPA React Low Black
620,Nike ISPA React Low Summit White
621,Nike Joyride Run Flyknit White Sail
622,Nike Killshot 2 J Crew Sail Midnight Navy
623,Nike LD Waffle Sacai Blue Multi
624,Nike LD Waffle Sacai Green Multi
625,Nike MAG Back to the Future (2011)
626,Nike MAG Back to the Future (2016)
627,Nike PG 2.5 Playstation Wolf Grey
628,Nike PG 3 NASA
629,Nike PG 3 NASA 50th
630,Nike React Element 55 Black Aurora Green
631,Nike React Element 55 Black White
632,Nike React Element 55 Indigo Fog Mystic Navy
633,Nike React Element 55 Triple Black
634,Nike React Element 55 White Game Royal Habanero Red
635,Nike React Element 87 Anthracite Black
636,Nike React Element 87 Black Neptune Green
637,Nike React Element 87 Dark Grey Photo Blue
638,Nike React Element 87 Desert Sand
639,Nike React Element 87 Dusty Peach
640,Nike React Element 87 Light Orewood Brown
641,Nike React Element 87 Moss
642,Nike React Element 87 Royal Tint
643,Nike React Element 87 Sail Light Bone
644,Nike React Element 87 Volt Racer Pink
645,Nike React Presto Black White
646,Nike SB Blazer Low Parra
647,Nike SB Blazer Supreme Black (2006)
648,Nike SB Dunk High Black Sheep Hornet
649,Nike SB Dunk High Dog Walker
650,Nike SB Dunk High NBA Cavs
651,Nike SB Dunk High Pro Desert Camo
652,Nike SB Dunk Low Black Washed Coral
653,Nike SB Dunk Low Concepts Green Lobster
654,Nike SB Dunk Low Concepts Purple Lobster
655,Nike SB Dunk Low Corduroy Dusty Peach
656,Nike SB Dunk Low Diamond Supply Co Black Diamond
657,Nike SB Dunk Low Diamond Supply Co White Diamond
658,Nike SB Dunk Low Doernbecher (2018)
659,Nike SB Dunk Low Light Cream Thunderstorm
660,Nike SB Dunk Low Parra
661,Nike SB Dunk Low Premium White Game Royal
662,Nike SB Dunk Low Pro Black Pine Green
663,Nike SB Dunk Low Pro Dark Russet Cedar
664,Nike SB Dunk Low Rivals Pack (East)
665,Nike SB Dunk Low Staple Panda Pigeon
666,Nike SB Gato Supreme Black
667,Nike Shox TL Comme des Garcons Black (W)
668,Nike Shox TL Triple Black
669,Nike Tailwind 79 Stranger Things Hawkins High School
670,Nike Tailwind 79 Stranger Things Independence Day Pack
671,Nike Zoom Fly Mercurial Off-White Black
672,Nike Zoom Fly Off-White
673,Nike Zoom Fly Off-White Black Silver
674,Nike Zoom Fly Off-White Pink
675,Nike Zoom Freak 1 Antetokounbros
676,Nike Zoom Freak 1 Coming to America
677,Nike Zoom Pegasus 35 Turbo Wolf Grey Hot Punch
678,Nike Zoom Rookie Galaxy (2019)
679,Nike Zoom Terra Kiger 5 Off-White Black (W)
680,Nike Zoom Terra Kiger 5 Off-White Electric Green (W)
681,Nike Zoom Terra Kiger 5 Off-White White (W)
682,Nike Zoom Vomero 5 A Cold Wall Solarized
683,Nike Zoom Vomero 5 SP Vast Grey
684,Nike ZoomX Vaporfly Next% Volt
685,Nike ZoomX Vista Grind Volt (W)
686,NikeCraft Mars Yard Shoe 2.0 Tom Sachs Space Camp
687,Off-White Vulc Low Black (Updated Stripes)
688,Off-White Vulc Low White (Updated Stripes)
689,Puma Bow Slide Rihanna Fenty Olive (W)
690,Puma Disc Blaze Bape Camo Green
691,React Element 55 SE White
692,Reebok Instapump Fury Aape By a Bathing Ape
693,Reebok Instapump Fury CNCPTS Versace
694,Revenge X Storm Low Top Black
695,Revenge X Storm Low Top Black (with Flames)
696,Revenge X Storm Low Top Black Rag
697,Revenge X Storm Low Top Black Yellow
698,Revenge X Storm Low Top Blue
699,Revenge X Storm Low Top Green Camo
700,Revenge X Storm Low Top Red
701,Revenge X Storm Low Top Red (with Flames)
702,Revenge X Storm Low Top Teal (with Flames)
703,Rick Owens Geobasket
704,Rick Owens Ramones
705,SF Air Force 1 High Laser Orange
706,"Saucony Shadow 5000 END """"Burger"""""""
707,Saucony Shadow 5000 Politics Cafe Du Monde
708,UA Curry 3Zer0 LTD Gold (Signed)
709,Vans Authentic Comme des Garcons
710,Vans Authentic Supreme Black Checker Logo
711,Vans Authentic Supreme Blue Checker Logo
712,"Vans Chukka Boot LX Kaws """"The Simpsons"""" (2007)"""
713,Vans Era 95 Fear of God
714,Vans Old Skool Black White
715,Vans Old Skool Checkerboard Racing Red
716,Vans Old Skool David Bowie Aladdin Sane
717,Vans Old Skool Flame (2017)
718,Vans Old Skool Yacht Club
719,Vans Sk8-Hi Fear of God
720,Vans Sk8-Hi Odd Future Donut
721,Vans Sk8-Hi Supreme Black Checker Logo
722,Vans Sk8-Hi Supreme Public Enemy Black White
723,Vans Style 36 Blends Bones
724,Vans Style 36 Marshmallow Racing Red
725,adidas 3D Runner Black
726,adidas Alphaedge 4D Black
727,adidas Alphaedge 4D White
728,adidas Consortium Runner 4D Mid White
729,adidas Continental 80 White Scarlet Navy
730,adidas Copa Mundial 17 Ultra Boost Kith Cobras
731,adidas D.O.N. Issue #1 Symbiote Spider Man
732,adidas Futurecraft MFG Made For Germany
733,adidas Human Race NMD Pharrell Multi-Color
734,adidas Human Race NMD Pharrell x Chanel
735,adidas Kamanda Dragon Ball Z Majin Buu
736,adidas LXCON Black Market
737,adidas NMD CS1 Parley Blue Spirit
738,adidas NMD HU Pharrell Human Race Scarlet
739,adidas NMD HU Pharrell Human Race Yellow
740,adidas NMD HU Pharrell Y.O.U. N.E.R.D.
741,adidas NMD Hu Pharrell Inspiration Pack Black
742,adidas NMD Hu Pharrell Inspiration Pack Clear Sky
743,adidas NMD Hu Pharrell Inspiration Pack Powder Blue
744,adidas NMD Hu Pharrell Inspiration Pack White
745,adidas NMD Hu Pharrell Solar Pack Mother
746,adidas NMD Hu Pharrell Solar Pack Orange
747,adidas NMD Hu Pharrell Solar Pack Red
748,adidas NMD Hu Pharrell x BBC Blue Plaid
749,adidas NMD Hu Pharrell x Billionaire Boys Club Multi-Color
750,adidas NMD R1 Bape Black Camo
751,adidas NMD R1 Bape Olive Camo
752,adidas NMD R1 Black Gum (2018)
753,adidas NMD R1 Core Black Lush Red
754,adidas NMD R1 Duck Camo Core Black
755,adidas NMD R1 Duck Camo Sesame
756,adidas NMD R1 Friends and Family Pitch Black
757,adidas NMD R1 Japan Black (2019)
758,adidas NMD R1 Japan Triple Black
759,adidas NMD R1 Japan Triple White
760,adidas NMD R1 Marble Aero Green
761,adidas NMD R1 NYC Red Apple
762,adidas NMD R1 Neighborhood x Invincible
763,adidas NMD R1 Nice Kicks
764,adidas NMD R1 Pharrell HU Friends and Family Burgundy
765,adidas NMD R1 Pharrell HU Hue Man Tangerine
766,adidas NMD R1 Primeknit Friends and Family
767,adidas NMD R1 STLT Grey Black
768,adidas NMD R1 STLT Parley Core Black
769,adidas NMD R1 STLT Triple Black
770,adidas NMD R1 White Gum (2018)
771,adidas NMD TS1 Gore-Tex Triple Black
772,adidas NMD XR1 OG Black
773,adidas Nemeziz Tango 17 Ultra Boost Triple Black
774,adidas Nite Jogger Grey Two Solar Orange
775,adidas Ozweego Raf Simons Clear Pink Silver Metallic
776,adidas Pharrell NMD HU China Pack Peace (Blue)
777,adidas Solar Hu Pharrell Chinese New Year (2019)
778,adidas Solar Hu Pharrell Greyscale Pack Black
779,adidas Solar Hu Pharrell Greyscale Pack Grey
780,adidas Solar Hu Pharrell Greyscale Pack Off White
781,adidas Solar Hu Pharrell Greyscale Pack White
782,adidas Stan Smith White Green (OG)
783,adidas Tennis HU Pharrell Multi-Color
784,adidas Ultra Boost 1.0 Cream White
785,adidas Ultra Boost 1.0 Multi-Color Toe Navy
786,adidas Ultra Boost 1.0 Multi-Color Toe White
787,adidas Ultra Boost 1.0 SNS Tee Time
788,adidas Ultra Boost 1.0 SNS X Social Status
789,adidas Ultra Boost 1.0 Triple Black
790,adidas Ultra Boost 1.0 Undefeated Stars and Stripes
791,adidas Ultra Boost 1.0 Wood Wood Black
792,adidas Ultra Boost 19 Black Glow
793,adidas Ultra Boost 2 City Stars and Stripes
794,adidas Ultra Boost 2 City White
795,adidas Ultra Boost 2.0 Antique Brass
796,adidas Ultra Boost 2.0 Black Reflective
797,adidas Ultra Boost 2.0 Gold Medal (2016
798,adidas Ultra Boost 2.0 Silver Medal (2018)
799,adidas Ultra Boost 2.0 White Reflective
800,adidas Ultra Boost 2019 Clear Brown Chalk White
801,adidas Ultra Boost 2019 Footwear White
802,adidas Ultra Boost 2019 Oreo
803,adidas Ultra Boost 2019 Panda
804,adidas Ultra Boost 2019 Triple Black
805,adidas Ultra Boost 4 Clear Brown Legend Ink
806,adidas Ultra Boost 4 Grey
807,adidas Ultra Boost 4 Show Your Stripes Black
808,adidas Ultra Boost 4.0 Bape Camo
809,adidas Ultra Boost 4.0 Bape Camo Black
810,adidas Ultra Boost 4.0 Black White Speckle
811,adidas Ultra Boost 4.0 Breast Cancer Awareness
812,adidas Ultra Boost 4.0 Chinese New Year (2018)
813,adidas Ultra Boost 4.0 Chinese New Year (2019)
814,adidas Ultra Boost 4.0 Cloud White Active Red
815,adidas Ultra Boost 4.0 Cloud White Maroon
816,adidas Ultra Boost 4.0 Core Black
817,adidas Ultra Boost 4.0 Game of Thrones House Lannister (W)
818,adidas Ultra Boost 4.0 Game of Thrones House Stark
819,adidas Ultra Boost 4.0 Game of Thrones House Targaryen White (W)
820,adidas Ultra Boost 4.0 Game of Thrones Nights Watch
821,adidas Ultra Boost 4.0 Game of Thrones Targaryen Dragons
822,adidas Ultra Boost 4.0 Game of Thrones White Walkers
823,adidas Ultra Boost 4.0 Grey Three
824,adidas Ultra Boost 4.0 Miami Hurricanes
825,adidas Ultra Boost 4.0 Non Dye Cloud White
826,adidas Ultra Boost 4.0 Orca
827,adidas Ultra Boost 4.0 Orchid Tint
828,adidas Ultra Boost 4.0 Parley Core Black Cloud White
829,adidas Ultra Boost 4.0 Running White
830,adidas Ultra Boost 4.0 Show Your Stripes Cloud White
831,adidas Ultra Boost 4.0 Triple Black
832,adidas Ultra Boost 4.0 Triple Black Gold (W)
833,adidas Ultra Boost 4.0 Triple White (W)
834,adidas Ultra Boost 4.0 White Multi-Color
835,adidas Ultra Boost Clima Black
836,adidas Ultra Boost Clima Missoni Multi-Color
837,adidas Ultra Boost Core Black Active Purple Shock Red
838,adidas Ultra Boost Legend Ivy
839,adidas Ultra Boost Lux Sneakersnstuff x Social Status Vintage White
840,adidas Ultra Boost Manchester United
841,adidas Ultra Boost Mid Kith x Nonnative
842,adidas Ultra Boost Mid Ronnie Fieg
843,adidas Ultra Boost Mid Run Thru Time
844,adidas Ultra Boost OG (2018)
845,adidas Ultra Boost Tech Ink Glow Blue
846,adidas Ultra Boost Uncaged Hypebeast
847,adidas Ultra Boost Undefeated Blackout
848,adidas Y-3 Pureboost White Black
849,adidas Yeezy 500 Blush
850,adidas Yeezy 500 Salt
851,adidas Yeezy 500 Super Moon Yellow
852,adidas Yeezy 500 Utility Black
853,adidas Yeezy 700 Mauve
854,adidas Yeezy 700 V2 Static
855,adidas Yeezy Boost 350 Moonrock
856,adidas Yeezy Boost 350 Turtledove
857,adidas Yeezy Boost 350 V2 Antlia
858,adidas Yeezy Boost 350 V2 Beluga
859,adidas Yeezy Boost 350 V2 Beluga 2.0
860,adidas Yeezy Boost 350 V2 Black
861,adidas Yeezy Boost 350 V2 Black Red
862,adidas Yeezy Boost 350 V2 Blue Tint
863,adidas Yeezy Boost 350 V2 Butter
864,adidas Yeezy Boost 350 V2 Clay
865,adidas Yeezy Boost 350 V2 Core Black Copper
866,adidas Yeezy Boost 350 V2 Core Black Red
867,adidas Yeezy Boost 350 V2 Core Black White
868,adidas Yeezy Boost 350 V2 Cream
869,adidas Yeezy Boost 350 V2 Glow
870,adidas Yeezy Boost 350 V2 Hyperspace
871,adidas Yeezy Boost 350 V2 Lundmark
872,adidas Yeezy Boost 350 V2 Semi Frozen Yellow
873,adidas Yeezy Boost 350 V2 Sesame
874,adidas Yeezy Boost 350 V2 Static
875,adidas Yeezy Boost 350 V2 Static Black
876,adidas Yeezy Boost 350 V2 Synth
877,adidas Yeezy Boost 350 V2 Trfrm
878,adidas Yeezy Boost 350 V2 Zebra
879,adidas Yeezy Boost 700 Analog
880,adidas Yeezy Boost 700 Inertia
881,adidas Yeezy Boost 700 Salt
882,adidas Yeezy Boost 700 Utility Black
883,adidas Yeezy Boost 700 V2 Geode
884,adidas Yeezy Boost 700 V2 Tephra
885,adidas Yeezy Boost 700 V2 Vanta
886,adidas Yeezy Boost 700 Wave Runner Solid Grey
887,adidas Yeezy Boost 750 Light Brown Gum (Chocolate)
888,adidas Yeezy Boost 750 Light Grey Glow In the Dark
889,adidas Yeezy Boost 750 OG Light Brown
890,adidas Yeezy Powerphase Calabasas Core Black
891,adidas Yeezy Powerphase Calabasas Core White
892,adidas Yeezy Powerphase Calabasas Grey
893,adidas Yung-1 Cloud White
894,adidas Yung-1 Dragon Ball Z Frieza
895,adidas Yung-1 Hi-Res Orange
896,adidas ZX 4000 4D Grey Three Hi Res Yellow
897,"adidas ZX 5000 UNDFTD x Bape """"Camo"""""""
898,adidas ZX Flux Clot RWB
